{
  "name": "USD/BRL Exchange Rate",
  "description": "Display real-time USD to BRL currency exchange rates with customizable refresh intervals.",
  "category": "Currency",
  "actions": {
    "exchange": {
      "name": "USD/BRL Rate",
      "tooltip": "Display USD to BRL exchange rate"
    }
  },
  "localization": {
    "refresh_interval": "Refresh Interval",
    "30_seconds": "30 Seconds",
    "1_minute": "1 Minute",
    "5_minutes": "5 Minutes", 
    "10_minutes": "10 Minutes",
    "30_minutes": "30 Minutes",
    "font_size": "Font Size",
    "font_small": "Small (Detailed)",
    "font_medium": "Medium (Balanced)",
    "font_large": "Large (Bold)",
    "api_source": "API Source",
    "api_exchangerate": "ExchangeRate-API (Reliable)",
    "api_fxrates": "FXRates-API (Accurate)",
    "api_openrates": "Open Exchange Rates",
    "loading": "Loading...",
    "error": "Error",
    "stale": "STALE",
    "no_data": "No Data",
    "retry": "Retry",
    "currency_pair": "USD/BRL",
    "errors": {
      "network_failed": "Network connection failed",
      "request_timeout": "Request timed out",
      "api_client_error": "API request error (client)",
      "api_server_error": "API server error",
      "rate_limit_exceeded": "API rate limit exceeded",
      "invalid_response": "Invalid API response",
      "api_request_failed": "API request failed",
      "no_network_connection": "No network connection",
      "unknown_error": "Unknown error occurred",
      "connectivity_not_available": "Network connectivity not available"
    }
  }
}