{
  "name": "美元/巴西雷亚尔汇率",
  "description": "显示实时美元兑巴西雷亚尔汇率，支持自定义刷新间隔。",
  "category": "货币",
  "actions": {
    "exchange": {
      "name": "美元/巴西雷亚尔汇率",
      "tooltip": "显示美元兑巴西雷亚尔汇率"
    }
  },
  "localization": {
    "refresh_interval": "刷新间隔",
    "30_seconds": "30秒",
    "1_minute": "1分钟",
    "5_minutes": "5分钟",
    "10_minutes": "10分钟", 
    "30_minutes": "30分钟",
    "font_size": "字体大小",
    "font_small": "小号（详细）",
    "font_medium": "中号（平衡）",
    "font_large": "大号（粗体）",
    "api_source": "API来源",
    "api_exchangerate": "ExchangeRate-API（可靠）",
    "api_fxrates": "FXRates-API（准确）",
    "api_openrates": "Open Exchange Rates",
    "loading": "加载中...",
    "error": "错误",
    "stale": "过期",
    "no_data": "无数据",
    "retry": "重试",
    "currency_pair": "美元/巴西雷亚尔",
    "errors": {
      "network_failed": "网络连接失败",
      "request_timeout": "请求超时",
      "api_client_error": "API请求错误（客户端）",
      "api_server_error": "API服务器错误",
      "rate_limit_exceeded": "API请求频率超限",
      "invalid_response": "无效的API响应",
      "api_request_failed": "API请求失败",
      "no_network_connection": "无网络连接",
      "unknown_error": "发生未知错误",
      "connectivity_not_available": "网络连接不可用"
    }
  }
}